Date,Close,High,Low,Open,Volume
2022-12-15,59.67827606201172,62.6621898651123,59.67827606201172,62.6621898651123,1318200.0
2022-12-16,56.435760498046875,59.67827863438145,54.705088748182995,59.67827863438145,2307500.0
2022-12-19,56.197044372558594,58.67369454623194,52.715811535320455,52.715811535320455,117200.0
2022-12-20,56.903228759765625,57.688993548020576,56.45564098201013,57.688993548020576,22200.0
2022-12-21,56.654571533203125,65.92459607475529,55.202401169804794,58.6836336760087,290700.0
2022-12-22,57.291141510009766,60.69181100875707,56.694360287834805,58.11669278806901,3253200.0
2022-12-23,57.19167709350586,60.320807717855686,56.69435816225798,57.778513584148044,125800.0
2022-12-27,57.14194107055664,58.67368415837282,57.067342478403134,57.669097878421915,26500.0
2022-12-28,57.19167709350586,57.688996024753735,56.69435816225798,57.619371677918416,514800.0
2022-12-29,57.689002990722656,58.46481940299193,57.440343495072995,58.186321982021994,374800.0
2022-12-30,58.06695556640625,58.68362993725744,57.42043948160404,58.42502577988181,351100.0
2023-01-03,55.69972229003906,60.35462795638887,55.57041830090643,60.35462795638887,1794100.0
2023-01-04,60.1656494140625,60.38446717624589,53.213128687979406,53.839751639590254,33338500.0
2023-01-05,58.68363952636719,62.642298144192665,57.8282502753447,60.31484517052975,8850600.0
2023-01-06,58.63390350341797,59.61859287511592,57.5596927769376,59.35998869702382,5902600.0
2023-01-09,57.7884635925293,59.658384007881544,57.42044861204661,58.474766208900654,5288900.0
2023-01-10,59.67827606201172,59.73795570400107,57.74370558320758,58.83283533549693,6663000.0
2023-01-11,64.64151763916016,66.0240637696082,59.75287504440718,60.1159157679747,9219400.0
2023-01-12,65.29798126220703,66.16331139990592,63.31865012295241,65.7356167888244,5819800.0
2023-01-13,65.089111328125,65.14878717814076,63.398226016561345,64.65146819204809,3772100.0
2023-01-17,62.99041748046875,65.37754986161362,62.92078933958191,63.59714338776488,3774600.0
2023-01-18,61.74711990356445,63.15950383743294,61.657602344781075,62.86111323956913,2610300.0
2023-01-19,63.597145080566406,64.15414366279079,60.971301667958876,61.00114338463107,2585600.0
2023-01-20,66.4119873046875,67.45636041909688,63.199310263557315,63.617056473926255,4001600.0
2023-01-23,69.14723205566406,69.53514786624102,66.41993781271046,66.98886936587827,3724100.0
2023-01-24,69.22679901123047,70.25127487386587,68.34157185292501,68.65985568974848,2591000.0
2023-01-25,68.3415756225586,69.32626511134461,66.59101062922794,68.09291612418434,2802100.0
2023-01-26,68.84883880615234,69.07760128075779,67.43645476520109,68.14264678567672,2075900.0
2023-01-27,69.70421600341797,70.13191054352036,67.99343784300837,68.49075672273284,2810600.0
2023-01-30,71.11663055419922,73.55349108324894,67.55582401430449,68.04320219090417,4259900.0
2023-01-31,69.14723205566406,70.73368091732445,68.13270461061498,70.62924817440772,3084300.0
2023-02-01,69.63459777832031,70.36067915692334,67.16789257935582,68.63001142828996,2698700.0
2023-02-02,70.27117919921875,71.50452824677227,68.63002491188941,69.21685771431487,2776000.0
2023-02-03,70.17170715332031,70.2512724183812,68.72947763961993,69.25663451451265,3074900.0
2023-02-06,71.47467041015625,71.96204079030015,69.16711109856702,69.53512980352365,2227400.0
2023-02-07,71.24592590332031,71.81286932897322,70.7187689131414,71.19619855034279,1932300.0
2023-02-08,69.79373931884766,71.03703668845155,69.6445421167982,70.82816364097629,1111900.0
2023-02-09,68.04317474365234,70.59939355617836,67.84424263289142,69.87330463174818,1186000.0
2023-02-10,68.86871337890625,69.16710772930696,67.82434832947088,67.83428924292963,1968100.0
2023-02-13,69.05768585205078,69.49532880522968,67.54584010508732,68.15256203315487,2223200.0
2023-02-14,72.22065734863281,72.77765213523669,68.34554445022987,68.58027905151077,3036000.0
2023-02-15,71.93221282958984,73.14567228520787,71.33543160558499,72.31017250081308,1773000.0
2023-02-16,70.5297622680664,71.43487862031047,69.96281149959977,71.2160571142672,1829400.0
2023-02-17,72.77766418457031,73.08600713976341,70.50989064823963,70.58946351335308,2408600.0
2023-02-21,72.08141326904297,72.70803244410943,71.86259170643665,72.23061047886412,1835500.0
2023-02-22,71.55426025390625,72.60857410714665,70.46314224488034,71.88248502714146,2010200.0
2023-02-23,75.4930191040039,75.80135442867625,71.8954094022108,72.0515728361159,3763200.0
2023-02-24,74.60779571533203,75.36371510335992,73.822030814092,74.438701494405,2102900.0
2023-02-27,75.63225555419922,76.56721746916536,74.17013684495942,74.59783138175416,2139600.0
2023-02-28,75.59248352050781,75.93065677799505,74.89623999716041,75.63226994876842,3511800.0
2023-03-01,74.896240234375,75.33387576965721,74.60779431993599,74.96586458693027,2534300.0
2023-03-02,74.63762664794922,75.0653212354312,74.10052128772872,74.38896718054073,1391900.0
2023-03-03,75.96051025390625,76.48766720377476,74.71721269724048,75.1250103498141,2082700.0
2023-03-06,76.26883697509766,76.74626652167784,75.29408846221885,75.50296910593126,1874100.0
2023-03-07,75.84114074707031,76.42300301464275,75.52285691894987,75.95055152440717,1709400.0
2023-03-08,76.2190933227539,76.98496869278078,75.6939246758435,75.84113368346445,1641300.0
2023-03-09,75.9704360961914,76.98497095067346,75.49301417871655,76.58711429378803,1683800.0
2023-03-10,74.56800842285156,76.1196411985587,74.10052737158458,75.47312501251893,3388600.0
2023-03-13,75.83118438720703,77.06454073332465,73.64298424413323,74.54810070376026,2272100.0
2023-03-14,76.72637939453125,78.33769578470373,75.94061441596797,76.27879530261532,1992300.0
2023-03-15,76.34840393066406,76.39813127035983,75.18467187221083,75.52285268917127,2326200.0
2023-03-16,76.20916748046875,77.03471126609539,75.34382967511745,75.5527027477569,1624600.0
2023-03-17,75.43333435058594,77.12422332598965,75.02553675945208,76.44786925352516,5803300.0
2023-03-20,74.7967758178711,75.40350561511607,74.1104807465421,75.08522175332246,1714100.0
2023-03-21,76.10969543457031,76.26884115498069,75.09516802665382,75.24436524241715,1401600.0
2023-03-22,74.36907196044922,76.63685273202935,74.30939611515248,76.4478691039431,1549800.0
2023-03-23,75.30403900146484,76.29867696094288,74.46854675797627,75.00565216671266,1393700.0
2023-03-24,76.0500259399414,76.07986386789081,74.48844447320387,74.85646329104776,1154800.0
2023-03-27,75.9704360961914,77.04464679323668,75.85605486845039,76.40807917761383,1196600.0
2023-03-28,76.48765563964844,76.52744206606478,75.74167721843304,75.97043968472087,760800.0
2023-03-29,78.81510925292969,79.04387932100096,76.64679821234587,76.9451926335718,1786000.0
2023-03-30,81.69955444335938,81.84775755079849,79.07371106050442,79.35220845133983,2188900.0
2023-03-31,81.59015655517578,82.14715142481013,81.14257247614617,81.80897813638526,1916200.0
2023-04-03,81.37132263183594,82.17698447576949,81.03314939470407,81.56030625757718,1913100.0
2023-04-04,81.15249633789062,81.71944718195815,81.03314465575798,81.56030148780214,1552700.0
2023-04-05,80.6850357055664,81.36138983580854,80.21755464059949,81.06299540628076,1410600.0
2023-04-06,79.73017120361328,80.62533916981468,79.66053927134696,80.53582540858827,1356700.0
2023-04-10,80.15786743164062,80.19765385960548,79.27264027775702,79.50141034143361,1579200.0
2023-04-11,80.15786743164062,80.2523592494965,79.53124826528595,80.15786743164062,1167000.0
2023-04-12,81.31165313720703,81.46085034873384,80.17478419641611,80.57064512599791,1232000.0
2023-04-13,82.49528503417969,82.72603572714645,80.94364446449428,81.21220099646264,1252800.0
2023-04-14,81.92831420898438,82.83343061557918,81.54040609351748,82.00787946174603,1163600.0
2023-04-17,82.27645874023438,82.7936671749171,81.56031814722296,81.7294047904379,861000.0
2023-04-18,83.21141815185547,83.70873714844512,82.34608036593461,82.34608036593461,1522000.0
2023-04-19,85.29019927978516,86.41413736642805,83.3009234948339,83.3407099211511,2422900.0
2023-04-20,84.54423522949219,85.85715716716368,84.22595135334413,84.91225404411088,1634900.0
2023-04-21,86.01628875732422,86.05109713774179,84.63373509770851,84.74314587356648,1850600.0
2023-04-24,87.31925201416016,87.35903843615928,85.71788457399448,86.13563062225926,2692800.0
2023-04-25,79.95894622802734,83.05227093831778,78.3575784807007,83.05227093831778,7291400.0
2023-04-26,79.69039154052734,79.83958115522739,77.14411334802853,79.30248336533727,3489500.0
2023-04-27,81.0828857421875,81.1027827515729,80.187717620471,80.38664218341118,1557000.0
2023-04-28,80.90384674072266,81.29176252037657,80.5756219863775,80.76459803561009,1617600.0
2023-05-01,80.34684753417969,81.29075640269778,80.29214214669429,80.64524193655187,1355800.0
2023-05-02,78.03929901123047,80.21755872770362,77.47235563703025,79.90921577788528,1879100.0
2023-05-03,79.28258514404297,79.98877713392422,77.60164468496157,78.0492362876648,1748900.0
2023-05-04,77.8403549194336,79.82963048280334,77.27341168741258,79.19306290960374,1751400.0
2023-05-05,78.56643676757812,79.10354208384088,78.07906637612056,78.07906637612056,1077400.0
2023-05-08,78.9941177368164,79.06374206648111,78.1884636951986,78.45701251291028,842300.0
2023-05-09,75.96051025390625,78.3675325023745,75.71185074257309,78.12882149627077,2499700.0
2023-05-10,75.4930191040039,76.34840831614495,74.56800554150185,76.08980033402474,1792900.0
2023-05-11,74.58789825439453,75.30403879743608,74.3094008406529,75.30403879743608,1504800.0
2023-05-12,74.51826477050781,74.60778612166197,73.87174866011694,74.48842684961791,2577800.0
2023-05-15,74.5282211303711,75.15484030057037,74.2994510652909,74.69730775889523,1187900.0
2023-05-16,77.36293029785156,77.85030071667173,74.81665984533936,74.86638718445231,2668900.0
2023-05-17,79.86942291259766,80.17775821979856,75.79737376754528,77.5121284608307,3716300.0
2023-05-18,79.2626953125,80.69496870363194,78.7952142934037,79.9887767174278,1483500.0
2023-05-19,78.91455841064453,80.65418044719564,78.69574447174095,79.6605367512021,1312900.0
2023-05-22,78.68572235107422,79.02302905728342,78.31756437544736,78.9543728366601,1357700.0
2023-05-23,76.80514526367188,79.37526701525621,76.67578856470065,78.56631698264054,1382400.0
2023-05-24,76.1484375,76.75539678515922,75.70068413484928,76.58624618866726,1431900.0
2023-05-25,79.46183013916016,79.66082993139797,75.23302002758528,76.14843121804795,3127800.0
2023-05-26,78.03895568847656,79.80012729448886,77.979257272076,79.37227093045631,2243100.0
2023-05-30,77.57130432128906,78.6558737216308,77.02405107879953,77.85985934355693,1775800.0
2023-05-31,79.11357879638672,79.33248312844266,77.3553828667912,78.14841383669771,4501500.0
2023-06-01,79.43197631835938,79.70062678142055,78.4966606481556,79.33247642801653,2355500.0
2023-06-02,79.57128143310547,80.46679567110444,79.5016307474475,79.89963791893099,2404500.0
2023-06-05,80.08868408203125,80.32151853909257,78.38721085440505,79.51158166410363,1416700.0
2023-06-06,82.51653289794922,82.7652864629869,77.41211247626458,77.61111229175216,23800600.0
2023-06-07,80.0787353515625,81.84985917397644,79.79018036153312,81.08369409219206,3883900.0
2023-06-08,77.36235046386719,78.00911118215777,76.36733630999107,76.96434328404564,15048600.0
2023-06-09,76.71558380126953,78.10860502702894,76.67578232723584,77.71059787804697,4894700.0
2023-06-12,77.8797607421875,77.9195622225037,76.51659610029941,76.86484956387096,5545200.0
2023-06-13,77.40215301513672,78.05786395071345,76.31758362485573,77.90961236623538,4122300.0
2023-06-14,78.1384506225586,78.40710866202785,77.09369044505206,77.79019723005642,3322600.0
2023-06-15,78.70562744140625,78.77527813683135,77.83498995291424,78.26782632360123,3277900.0
2023-06-16,78.25786590576172,79.70063341418908,78.09865999487987,79.10362643109347,5390600.0
2023-06-20,78.50662994384766,78.7653357879402,77.36236197830873,77.96932130982007,3151100.0
2023-06-21,79.22303009033203,79.60113273794929,77.89965943663829,78.39716651625046,2805700.0
2023-06-22,79.8100814819336,80.34739001653622,79.18322532057483,79.54143101030992,2229200.0
2023-06-23,79.42202758789062,79.9493838624058,78.61606857146973,79.46182906407078,7973000.0
2023-06-26,77.412109375,79.89964492572165,77.35240335966057,79.62103456730173,2500700.0
2023-06-27,76.68574523925781,77.95936221972231,75.81212439830203,77.56135501548815,3250400.0
2023-06-28,76.80514526367188,77.20314485367558,75.95937715652506,77.11359722333141,2920500.0
2023-06-29,78.28772735595703,78.30762430225019,76.76535665407663,76.88475351454923,1908200.0
2023-06-30,80.83494567871094,81.00410384999637,78.91855356849337,79.02402026838425,3429500.0
2023-07-03,80.28770446777344,81.05386212112813,79.5016422777123,81.00411596207505,1086900.0
2023-07-05,80.24788665771484,80.8846950583326,79.53644764666777,79.96928393136395,2655900.0
2023-07-06,78.72553253173828,79.869792880148,78.60612808530264,79.60114236486345,2595900.0
2023-07-07,79.22303009033203,79.70859596760916,77.90961170381009,78.58622163573688,2892600.0
2023-07-10,80.25785827636719,80.37725513567597,79.60114518474182,79.73049431277859,2263000.0
2023-07-11,80.8548583984375,81.0389336016239,79.81009042113082,80.09864545859035,1793100.0
2023-07-12,81.28271484375,82.24787986106108,80.88470763364616,80.88470763364616,2124800.0
2023-07-13,80.9941635131836,81.59117055998537,80.4966563756227,81.32252004589934,1476300.0
2023-07-14,81.41206359863281,81.75037238269111,80.82500884964153,81.09365935023705,1791900.0
2023-07-17,80.78520965576172,81.94937451021306,80.67575748058871,81.33246294027039,2343200.0
2023-07-18,82.05883026123047,82.48170678250247,80.34740445633604,80.70362127500881,2842800.0
2023-07-19,81.34241485595703,82.52648424150405,81.25286721739782,82.36727831781265,2781700.0
2023-07-20,81.47180938720703,82.76082399861784,81.4220449694068,81.86996270032287,3113900.0
2023-07-21,82.2481918334961,82.7558374214238,81.64100983075593,81.70073775495673,7717700.0
2023-07-24,80.2574462890625,82.29797730014216,79.89910906180809,82.09890443795322,4335700.0
2023-07-25,79.83938598632812,81.96949743416285,78.21692019206677,80.46647231546511,4729500.0
2023-07-26,77.07222747802734,79.93692775952557,76.93287496913877,79.88915301111042,4148600.0
2023-07-27,76.50485229492188,78.5055667800071,75.89767032479223,77.6395840699514,3224700.0
2023-07-28,77.51020812988281,77.95812588878638,76.53473283150495,76.88311415444588,2910100.0
2023-07-31,77.63960266113281,77.66946283170881,75.91759274786678,77.36089761023266,3916200.0
2023-08-01,77.3310317993164,77.67443892417933,76.74375397563166,77.48033264130679,2126700.0
2023-08-02,76.23609924316406,77.42060307604612,75.79813750195939,76.96272949552119,3073000.0
2023-08-03,75.66873931884766,76.33564929432077,75.33031396502919,76.28587728622172,2053300.0
2023-08-04,75.54930114746094,76.44016240640224,75.27656511481538,75.62893332539493,1449600.0
2023-08-07,75.24072265625,75.93749276917126,74.82266514498238,75.74836825944176,1668300.0
2023-08-08,73.5884017944336,75.1212870327377,72.98121973269812,74.94211843101014,2574900.0
2023-08-09,73.57844543457031,74.53400877336628,73.08075572098019,73.45900476355979,3028400.0
2023-08-10,71.96592712402344,74.23539073492091,71.78675854452408,73.90691374014852,3681600.0
2023-08-11,71.25920867919922,71.80667039514098,70.53258595892262,71.80667039514098,2898300.0
2023-08-14,71.46825408935547,71.53793035346744,70.52263896881503,71.16963718936518,2601100.0
2023-08-15,70.21405792236328,71.41846598446281,69.86567668029177,71.41846598446281,2476300.0
2023-08-16,70.34346771240234,71.94602932108482,70.09462283644721,70.88097355576258,3697400.0
2023-08-17,68.0739974975586,70.47286552983952,67.92468906667042,70.37332151315259,3791900.0
2023-08-18,68.04414367675781,68.43234107678926,67.58128825724773,67.88487931051775,2929200.0
2023-08-21,68.65131378173828,69.17886361293252,68.28302069480003,69.00965094899128,2807800.0
2023-08-22,68.61148071289062,69.07931009844897,68.35268002412946,68.83046532690855,2168400.0
2023-08-23,68.67122650146484,69.20873231867621,68.49205789572771,68.64136633286574,2079500.0
2023-08-24,68.11380767822266,69.46752417102742,67.92468317589002,69.31821575308805,2623200.0
2023-08-25,68.2730712890625,68.5716881549783,67.29760370280329,68.09391028248385,3096600.0
2023-08-28,68.98976135253906,69.33815030657216,68.44230709961178,68.74091643916918,2438700.0
2023-08-29,70.15435028076172,70.17425452927623,69.0096623405336,69.0096623405336,2044300.0
2023-08-30,70.06475067138672,70.661976752606,69.90549392699434,70.17424300559344,1889200.0
2023-08-31,70.12447357177734,70.80133184707482,69.53819822131632,70.18420149798783,3573300.0
2023-09-01,68.93002319335938,70.69184138337722,68.78071476508686,70.34346011350274,2097300.0
2023-09-05,67.34737396240234,68.84044306491226,67.09852911198402,68.81057530378266,3773500.0
2023-09-06,66.67052459716797,67.88488125081402,65.75476965339931,67.19807453566649,3140100.0
2023-09-07,65.59552001953125,67.85502846864802,65.52584374825832,67.77539627458067,2836900.0
2023-09-08,64.60012817382812,65.68508813501796,64.4209595680917,65.61541187690615,3103100.0
2023-09-11,66.31217193603516,67.03879457490356,64.8987275534543,65.01817580377056,3630500.0
2023-09-12,65.09781646728516,66.31218059117236,64.91864786549618,66.0732840593588,2381800.0
2023-09-13,64.2318344116211,65.63532307515173,63.9133132927843,64.81911223349854,3612800.0
2023-09-14,65.6950454711914,65.7547658096759,64.27165251554987,64.56031347512952,3945100.0
2023-09-15,66.12303924560547,66.19271548445506,65.2769684612488,65.69502589434637,6711100.0
2023-09-18,65.97374725341797,66.6804657357935,65.56564563701176,65.56564563701176,3205300.0
2023-09-19,65.81449127197266,66.44157758495056,65.0480448508572,66.19273272508184,3160400.0
2023-09-20,64.7096176147461,66.49134767116254,64.60012527203978,66.11309863485265,1796400.0
2023-09-21,63.59478759765625,64.59016697166138,63.49525117908413,64.32141788210245,2172500.0
2023-09-22,64.03275299072266,64.50555664529496,63.441495917302966,63.535063334511484,2277800.0
2023-09-25,66.17283630371094,66.73024642561397,63.7042916604456,63.7042916604456,3214500.0
2023-09-26,65.9040756225586,67.09355381838445,65.81449511296623,65.88417137403015,3619900.0
2023-09-27,67.96451568603516,68.0949147229129,65.84435994014737,66.06334466016406,5470000.0
2023-09-28,69.45757293701172,70.25387949031287,67.69575475007123,68.42237745537707,4817700.0
2023-09-29,67.72562408447266,69.87563991879364,67.61613172871886,69.75619923552995,3146200.0
2023-10-02,67.52653503417969,68.34275343477259,67.25778593687245,67.6857993838004,1942100.0
2023-10-03,66.67052459716797,67.21797878494392,66.0932026442611,67.03881016487432,2726100.0
2023-10-04,67.56636047363281,67.75548501644913,66.16287927051584,66.82978174004053,2084400.0
2023-10-05,67.28765106201172,68.36266271873774,66.31914725708907,68.02422974792722,1894300.0
2023-10-06,68.14368438720703,68.67123434375097,66.34204979731697,66.7003870497135,2319800.0
2023-10-09,67.48673248291016,67.76543752514333,66.8695944650061,67.50663673129417,1600300.0
2023-10-10,67.87491607666016,68.31287779934998,67.29759426704483,67.68579158182102,2209000.0
2023-10-11,67.4668197631836,67.99436967114333,66.73024107626675,67.99436967114333,2032900.0
2023-10-12,66.20268249511719,67.59621509974106,65.86424956818456,67.4070905936863,2252100.0
2023-10-13,66.80987548828125,67.32746949239294,65.75476804298194,65.82444430496126,1984200.0
2023-10-16,66.57098388671875,67.3772465142934,66.02352967165382,67.31751857519748,1951500.0
2023-10-17,66.49134063720703,67.09852262102166,65.76471040285558,66.0633272321269,1596000.0
2023-10-18,64.92860412597656,66.17282842431617,64.78924401795148,65.99365982158957,1917700.0
2023-10-19,65.17755126953125,66.3924740475132,64.57008988054028,64.95847343538217,1669200.0
2023-10-20,63.78339767456055,65.2572329836704,63.594186110127694,65.2572329836704,2575000.0
2023-10-23,63.723636627197266,64.27134643511052,63.09625800418918,63.683802219649856,2412500.0
2023-10-24,64.40079498291016,64.78917091374898,63.693751426828314,63.753499232300285,2511200.0
2023-10-25,64.2414779663086,64.7194757020629,63.713681518677745,63.93276318109538,3179600.0
2023-10-26,63.64397430419922,64.47051745162072,63.31534990545673,63.85310306574653,3484900.0
2023-10-27,62.837345123291016,64.05226809650787,62.45892960607479,63.932764860611435,2606400.0
2023-10-30,62.90705108642578,63.40496982087139,62.09046466584045,63.27551368506483,4484200.0
2023-10-31,66.29290008544922,67.41819369159435,65.49622707025678,66.41240331701917,7555100.0
2023-11-01,67.99577331542969,68.16506384217686,65.72526536393374,66.47214337943299,4523300.0
2023-11-02,68.96173858642578,69.46961777772174,67.99577511190387,69.31028015000682,3115900.0
2023-11-03,71.27207946777344,71.60070761962099,69.34015256039383,69.64886730802462,4022800.0
2023-11-06,70.7940902709961,71.66047170509832,70.46546964214986,71.3716778937309,2350100.0
2023-11-07,70.40571594238281,71.16255465283169,70.38580253315644,70.95342966658357,1912900.0
2023-11-08,69.69866943359375,70.86380516531078,69.23560861016648,70.86380516531078,2062100.0
2023-11-09,68.0256576538086,69.84804211456617,67.76674537235635,69.8380816121604,1981500.0
2023-11-10,69.23062133789062,69.28041625315447,68.10532767071899,68.26466532145339,2773300.0
2023-11-13,69.71858215332031,70.25633528920514,69.0613257880266,69.28041124312449,1993200.0
2023-11-14,71.90940856933594,72.0687461798759,70.38577875731588,70.70444638076036,2634400.0
2023-11-15,71.2222900390625,72.32767020020181,71.1774791779009,71.70029535102951,2780100.0
2023-11-16,71.6206283569336,72.35755354822034,71.2023784468326,71.70029717723003,2946600.0
2023-11-17,72.69612884521484,73.07354902466184,71.72518891783683,72.22808406031562,2920000.0
2023-11-20,73.02476501464844,73.18409506238518,72.46709085347707,72.78575854658766,1787600.0
2023-11-21,73.07454681396484,73.38326157916153,72.28783434400643,73.19405003897354,1469300.0
2023-11-22,73.29362487792969,73.87121234416831,72.88533552947531,73.44300199473426,1123300.0
2023-11-24,73.4031753540039,73.53263148352092,73.08550297373715,73.51271807807082,558900.0
2023-11-27,70.84387969970703,71.21731876514588,70.25633921694913,70.96338293579687,4253600.0
2023-11-28,67.84640502929688,70.49035993053414,67.82151517031403,70.40570705849908,5167900.0
2023-11-29,67.42815399169922,68.55644106342322,67.17919462490178,68.01570204811235,3762900.0
2023-11-30,68.17501831054688,68.39410372466251,66.11363547407711,67.42814036113558,3324600.0
2023-12-01,69.12108612060547,69.37999840629523,67.87429103819024,68.0654931797968,1898700.0
2023-12-04,69.08123779296875,69.47459019237368,68.48372932139473,68.6032325352367,1478700.0
2023-12-05,67.6472396850586,68.76258038733422,67.43811472793884,68.62316374925439,1896200.0
2023-12-06,67.76673889160156,68.39411372569715,67.58250380408131,68.1053199646459,1579700.0
2023-12-07,67.1094970703125,68.00575245406793,66.72112100362484,67.81654087370896,2089200.0
2023-12-08,68.23478698730469,68.34432972787008,66.77091214069384,66.90036828970851,1893700.0
2023-12-11,70.83390808105469,71.01315910824027,68.8023989721634,68.87211488050295,3051300.0
2023-12-12,71.75007629394531,72.09363376027231,70.94344296188423,71.00319836277018,2407200.0
2023-12-13,73.8712158203125,73.9608375360311,72.2181221524545,72.30775146580922,2628600.0
2023-12-14,75.60397338867188,75.98239646217866,74.03054847731599,74.03054847731599,4271300.0
2023-12-15,74.6977767944336,76.27119435010519,74.17496056086495,76.06206937620526,5699300.0
2023-12-18,74.74755859375,75.2006664692262,74.23968695076931,74.68781077637274,1945800.0
2023-12-19,75.37493896484375,75.52430850412155,74.68780869361868,74.8272253287025,2441800.0
2023-12-20,75.1259765625,76.27118350468436,74.56830244709468,75.04630774635118,2162200.0
2023-12-21,76.86869812011719,77.28694804159072,75.76331790076782,75.76331790076782,2992100.0
2023-12-22,77.25707244873047,77.38652858418298,76.66952439292027,76.97823917382539,2197800.0
2023-12-26,77.81474304199219,77.99897055156234,77.25707646320426,77.37657210286606,1413900.0
2023-12-27,77.34668731689453,77.96410922633227,77.05789356559153,77.75498428869277,1365000.0
2023-12-28,77.21723175048828,77.64045808056369,76.92843799709996,77.5060255038766,1569500.0
2023-12-29,76.99816131591797,77.31682903734023,76.54007694122582,76.83883125402572,1786900.0
2024-01-02,76.05211639404297,77.0877883572882,75.3898835118778,76.2612413677313,2003100.0
2024-01-03,75.79318237304688,76.3608093665555,75.1209891133705,75.92263849520283,2692400.0
2024-01-04,76.25126647949219,76.6296819417794,75.53426236346495,75.68363948724331,2395900.0
2024-01-05,76.30107879638672,77.12761822096591,75.2753596978077,75.68365675612137,2377700.0
2024-01-08,77.0379867553711,77.12760848018688,75.99235438003222,76.67948466083416,1880600.0
2024-01-09,76.34090423583984,77.33674170765009,74.09030942221032,76.68944583144604,3507200.0
2024-01-10,75.8529281616211,76.29109902129342,74.56829708473846,76.02221868553598,3020600.0
2024-01-11,75.93260955810547,76.0072943317307,74.46872721395349,75.88281464393053,2305500.0
2024-01-12,75.8827896118164,76.1816614643396,75.1156963379264,75.99237545103311,1888300.0
2024-01-16,74.68730926513672,75.61380278625666,74.2589303768635,75.61380278625666,2831600.0
2024-01-17,72.47569274902344,73.96007250670401,71.74844190362309,73.96007250670401,3766900.0
2024-01-18,73.24279022216797,73.48189077699153,72.14693928142457,72.47569684383598,2421500.0
2024-01-19,73.83055877685547,73.84052319867136,72.92398640728062,73.16806533769544,3704600.0
2024-01-22,74.35855865478516,75.16550200236615,73.89032964054,73.9999154779432,2414900.0
2024-01-23,73.39221954345703,74.44822789702903,72.41093295675756,74.34859887453234,2850400.0
2024-01-24,71.28022766113281,73.42211512269718,71.04112709561248,73.36234378163125,3594400.0
2024-01-25,72.59524536132812,72.82437388669433,71.1507080466438,72.0572805269589,2126500.0
2024-01-26,72.87419128417969,73.01366280964916,72.19675490305877,72.72475533528294,2334500.0
2024-01-29,74.09954833984375,74.13939843238487,72.22663959417937,72.6350973422548,2160100.0
2024-01-30,73.72096252441406,74.23899837625622,72.84428354413281,73.45198397839764,1673900.0
2024-01-31,73.0833969116211,74.18921226744892,72.67493916729374,73.6512474240223,3129600.0
2024-02-01,74.06964874267578,74.84670639954103,72.7147762535576,73.08338383977961,2593600.0
2024-02-02,73.6313247680664,74.07962499535547,72.24655879353143,73.75086744167535,2446600.0
2024-02-05,73.1332015991211,73.29259434577524,72.33621506396969,72.94391558688159,3365700.0
2024-02-06,81.65095520019531,82.79662045298426,76.27131528321468,76.46060128863789,12511200.0
2024-02-07,81.52145385742188,82.19689879105347,79.86770940042928,81.73066111994014,4278100.0
2024-02-08,81.75057983398438,81.8302800078947,80.1327027866139,81.22257948292555,2483800.0
2024-02-09,81.0333023071289,82.43798952313561,80.3060590426117,81.97972487411558,2755000.0
2024-02-12,82.85639953613281,82.9958710477224,81.08311237395611,81.31224848621176,2304300.0
2024-02-13,81.99964141845703,82.40511208386988,80.85398366190073,82.03949150747346,2529800.0
2024-02-14,82.85639953613281,83.12538573750368,82.02952728840361,82.28854906733885,2214800.0
2024-02-15,85.30712890625,85.41671475873177,83.60856339403838,83.62350622841063,2346100.0
2024-02-16,85.6956558227539,86.96087150833266,83.17519647511816,83.1951253209063,13131800.0
2024-02-20,86.06426239013672,86.48267693893712,85.25731896021772,85.60599775088473,6372600.0
2024-02-21,84.65957641601562,84.88870491803705,81.75058083759181,82.68703889096726,5838000.0
2024-02-22,87.30955505371094,87.76781972361195,84.68448812443123,85.12780995949194,4154900.0
2024-02-23,88.73414611816406,89.39166112425808,86.90606620970803,87.07044496123153,3815600.0
2024-02-26,90.27830505371094,90.36796204554007,88.45520354691877,88.60463946726063,3805100.0
2024-02-27,92.171142578125,92.23092151174117,89.15157296997467,89.67061220681069,3993400.0
2024-02-28,92.66925048828125,93.60471282430369,91.65309989889533,91.90215723557712,3431900.0
2024-02-29,90.93582153320312,92.98805173535342,88.53491254922545,92.95816606842928,6144000.0
2024-03-01,92.3703842163086,92.70909853845727,90.23346805815179,90.70668306795737,2696200.0
2024-03-04,92.38035583496094,93.14744913058391,92.07650556318367,92.58956309740357,2615200.0
2024-03-05,91.46382904052734,93.14745934756668,91.17492157004777,92.37040154451098,2804900.0
2024-03-06,92.74897003173828,93.72527833971857,91.1051897461929,91.21477560527114,2521200.0
2024-03-07,92.31063079833984,93.19727446142639,91.64315124471463,92.84858804957803,3014400.0
2024-03-08,93.51606750488281,94.14368936441953,92.14126590690523,92.45010222562827,2853900.0
2024-03-11,92.64932250976562,93.70532310832172,91.78260030490046,93.45626578974708,2123200.0
2024-03-12,91.4737777709961,92.15121402678564,91.35422751387088,91.84238536332884,3042200.0
2024-03-13,88.14639282226562,89.02805049050072,86.22366951086573,87.22985587128832,14434500.0
2024-03-14,87.9969482421875,88.70427023237424,87.42909776552335,87.76781212675611,4859000.0
2024-03-15,89.07286834716797,89.39166142982937,87.59844558946732,87.91723867212872,7314600.0
2024-03-18,90.26834106445312,90.61701981316943,89.15655179693866,89.56101914544958,2843900.0
2024-03-19,90.43770599365234,90.65687768327271,90.01929145926472,90.25838439311089,2996500.0
2024-03-20,90.54727935791016,90.76645101732109,89.81007181313129,90.13882930224767,2016900.0
2024-03-21,90.85612487792969,91.83243310553719,90.77643229658376,90.90593939182011,2754900.0
2024-03-22,89.39166259765625,91.55347845521581,89.03301942489847,91.1151351105948,6178000.0
2024-03-25,87.94712829589844,89.76026546029019,87.91724263065122,89.47135802852216,2436000.0
2024-03-26,88.73414611816406,89.00611933986683,87.3693091998525,88.14637446177086,2845200.0
2024-03-27,89.969482421875,90.34805449084493,89.3767246617797,89.62080362200359,2629100.0
2024-03-28,90.56721496582031,90.80630788457258,89.31196384127394,89.85988543010733,2108000.0
2024-04-01,89.19242095947266,91.1151440915873,88.85370659660782,90.96570815477091,1958200.0
2024-04-02,87.77777862548828,88.90351518286924,87.52872125964605,88.51498630020556,3010700.0
2024-04-03,88.69430541992188,89.71046370040827,87.77777616348007,87.91724767638958,4403900.0
2024-04-04,87.62834167480469,90.4974797599773,87.5386846724372,89.81008660661062,2728200.0
2024-04-05,88.13642120361328,89.16253632736975,87.51875620456089,87.62834205278999,1592500.0
2024-04-08,87.37928771972656,88.51001031987927,87.28963071386235,88.39544605662128,1692400.0
2024-04-09,86.61219024658203,87.90728396270309,86.12403234683502,87.79769811587232,4172700.0
2024-04-10,85.06802368164062,86.37308169936973,84.91858775885157,85.05805925995422,2926100.0
2024-04-11,87.87739562988281,88.58471760120841,85.28720067558257,86.15392300132774,3071000.0
2024-04-12,85.9546890258789,87.19997603100727,85.73053888508154,86.74171132519547,2227900.0
2024-04-15,85.80523681640625,87.57853156043257,85.19753626493211,87.2696952732168,1983600.0
2024-04-16,85.5561752319336,86.11406884542471,85.02817488395466,85.50636832400035,1868200.0
2024-04-17,84.86878967285156,85.92479046256751,84.83890400531283,85.74546885670749,1711600.0
2024-04-18,84.67942810058594,85.83047711415126,84.33062652121829,85.04815794021566,1815300.0
2024-04-19,84.2010726928711,85.31724543598355,83.81240695978738,84.70933080663625,2022700.0
2024-04-22,84.02169036865234,84.7890615279065,83.89213765495586,84.51998056436881,2113700.0
2024-04-23,85.94508361816406,86.35368519395963,84.50004521313515,84.69935823337902,1951300.0
2024-04-24,86.42344665527344,86.9815292019865,85.50659458472927,85.81553205118765,2020300.0
2024-04-25,85.65608215332031,86.37860902440083,84.45022078432638,85.7059142145345,1362900.0
2024-04-26,85.94508361816406,86.60283027091664,84.86878266422109,85.06809568446496,1790600.0
2024-04-29,88.63584899902344,88.87502612775332,86.00487777308321,86.00487777308321,4353000.0
2024-04-30,75.97929382324219,82.01857671476677,75.81984489983172,80.76288317844701,14433600.0
2024-05-01,77.99237060546875,78.8593905358608,76.23838727901347,76.25831553807721,5303300.0
2024-05-02,77.56385040283203,79.09858505299269,76.92603958761003,78.91920028600497,2995700.0
2024-05-03,79.19822692871094,79.78620557647265,78.2315429521369,78.2315429521369,2722700.0
2024-05-06,79.52711486816406,79.72642789658366,78.38104594648973,79.32779423643981,2389700.0
2024-05-07,81.15153503417969,81.40068011194602,79.39755155777954,79.72642488522413,3225500.0
2024-05-08,80.83262634277344,81.29603251893704,79.97556670194004,80.73296983639133,2748400.0
2024-05-09,82.44709777832031,82.47699397304484,80.8824668935295,81.22130057148064,1952700.0
2024-05-10,83.11480712890625,83.19353174966751,82.4271642177948,82.88559029076741,1856300.0
2024-05-13,80.7529067993164,83.71275173801057,80.30444867061331,83.6031272881845,1885300.0
2024-05-14,80.24464416503906,81.4106489200442,80.02540288102111,80.723006064952,2500700.0
2024-05-15,81.62989044189453,81.9587561399001,79.86593917363804,80.91235145842096,1956200.0
2024-05-16,81.03195190429688,81.68471086598679,80.62335788386339,81.22130461805922,1627100.0
2024-05-17,81.58006286621094,81.59999112648833,80.14498482050465,80.72300321150348,1321000.0
2024-05-20,81.47044372558594,82.38729582406546,81.19140244372736,81.68969261941902,1248500.0
2024-05-21,81.65979766845703,81.71959005739271,80.82266620683353,81.47044496575431,1150200.0
2024-05-22,80.34431457519531,81.60996833758365,80.0951694752263,81.29106291375552,1633600.0
2024-05-23,79.05872344970703,80.70308259902184,78.95906693226779,80.70308259902184,2034900.0
2024-05-24,79.57693481445312,79.98553638385627,78.64015450999734,79.56696688260557,1433900.0
2024-05-28,78.48070526123047,79.44738945050076,78.23156016516307,79.09858783666739,1854800.0
2024-05-29,78.18173217773438,78.65012619927224,77.64358543310081,77.80303434917234,2397000.0
2024-05-30,78.30132293701172,78.66009249483463,76.6768995970339,77.73327240434296,2750100.0
2024-05-31,77.73326873779297,78.46077575220335,76.64699978578705,78.46077575220335,7002100.0
2024-06-03,76.88618469238281,78.53054398664523,75.98926074975735,77.79306896531675,3059500.0
2024-06-04,77.25489807128906,77.55387518930083,75.98924449208769,76.78651173791643,1967200.0
2024-06-05,76.69682312011719,77.51401870614431,76.35798944939349,77.1951132970436,2637500.0
2024-06-06,76.73667907714844,76.8861676349725,75.50092169885711,76.3878775110949,2474900.0
2024-06-07,76.07893371582031,76.76657653114286,75.65041150140657,76.45763908231285,2357000.0
2024-06-10,75.5208511352539,75.75006794126337,74.96276862087126,75.71020381833546,2115500.0
2024-06-11,74.48440551757812,75.29164068774004,74.25519631866223,75.29164068774004,2655600.0
2024-06-12,75.71021270751953,75.96932573532153,74.75349645483317,74.94284155684184,3081600.0
2024-06-13,76.72671508789062,77.06555634325476,74.88304305547824,74.9129392479183,2530200.0
2024-06-14,76.22843170166016,76.34802408533537,74.85315350426754,75.93942247692378,2576800.0
2024-06-17,77.28479766845703,77.59373509786813,75.70023119433758,75.99920829611212,2190500.0
2024-06-18,78.00234985351562,78.4508156259185,76.9061128598179,77.04563351701731,2032500.0
2024-06-20,79.16834259033203,79.8260816439627,77.58377593709125,77.7332645048769,3408100.0
2024-06-21,78.89926147460938,79.82608146888231,78.22158655833127,79.55700813010182,5115500.0
2024-06-24,78.58036804199219,79.36766752071094,78.39102292413718,79.05873001002207,2270100.0
2024-06-25,78.54049682617188,79.00889081838696,78.10200663194689,78.70992126822968,1798500.0
2024-06-26,77.73326873779297,79.01885832546843,77.6983847753115,78.59032846290994,2426200.0
2024-06-27,78.55046844482422,78.82950974605366,77.62364834956628,77.743240737224,2192600.0
2024-06-28,77.6535415649414,79.37563690590625,76.9659062713936,78.9391311705202,9422500.0
2024-07-01,75.99922943115234,78.08207898195448,75.95936529960947,78.08207898195448,3081400.0
2024-07-02,76.06897735595703,76.44767513890163,75.42119862980347,75.99921703795923,2171300.0
2024-07-03,76.97586059570312,77.08548503746965,76.04904060832517,76.10884059684602,1346700.0
2024-07-05,76.79649353027344,76.98584626482415,76.28824293222584,76.9360141967931,1689500.0
2024-07-08,76.08890533447266,77.37449484992253,76.04904120957836,76.73668405822242,1662000.0
2024-07-09,76.60713958740234,76.73669230475296,75.48099884720428,76.08891351138946,2152500.0
2024-07-10,78.86937713623047,78.94910539796541,76.66693522811495,76.66693522811495,2475300.0
2024-07-11,79.66663360595703,80.44396504285416,78.91919836227834,78.91919836227834,2540600.0
2024-07-12,80.0054702758789,81.04689492977991,79.6666366022537,80.01543820842811,2579000.0
2024-07-15,79.91577911376953,80.35426928882129,79.57693784777481,79.97557150052556,2483200.0
2024-07-16,82.3573989868164,82.67630439263613,79.91578018631894,80.17488560127553,3524300.0
2024-07-17,82.18798065185547,83.33404954672064,81.67972255697876,82.30756542478801,2567800.0
2024-07-18,80.70307159423828,83.21943063049098,80.61337541846062,81.66974804521706,3233900.0
2024-07-19,80.19463348388672,81.13675061303543,79.6662513784339,80.98222463194514,2428200.0
2024-07-22,80.98222351074219,81.131759873519,79.85566553700869,80.83267954184315,2439400.0
2024-07-23,80.5734634399414,80.9622731613234,80.2544398837787,80.63327797980892,1529000.0
2024-07-24,79.4469223022461,81.24142715961564,79.38710014938141,80.75292394693487,2517000.0
2024-07-25,79.67622375488281,80.81274588365024,79.48680847083699,80.16473461835818,2512400.0
2024-07-26,80.25445556640625,81.43883540885095,79.7559806871118,80.49372137875314,2532900.0
2024-07-29,81.79972076416016,82.20746975817967,80.27438143029829,80.43389702316833,2790400.0
2024-07-30,82.39788818359375,83.82352645428979,80.75291977800262,82.28822311614621,5269100.0
2024-07-31,84.3718490600586,87.98080965611109,79.75597475908087,79.85566820630524,8043400.0
2024-08-01,83.14559936523438,84.7407172271085,81.96919851595435,83.8434610528912,3561600.0
2024-08-02,83.18549346923828,83.27521530000061,80.54855699758113,82.54744620785065,2986200.0
2024-08-05,81.27133178710938,82.11874507102249,79.49676263438616,81.71996369143788,3589100.0
2024-08-06,81.3012466430664,82.67703441582321,80.92240090981119,81.85953601065661,2686700.0
2024-08-07,79.09798431396484,82.40786456824323,78.53969492462751,81.97917589968135,2401200.0
2024-08-08,82.06890106201172,82.14865886548532,79.43695439636502,79.67622020066307,1632600.0
2024-08-09,83.14559936523438,83.21538553400006,81.06696033186876,82.06889195617362,1584300.0
2024-08-12,82.1187515258789,82.9462140163652,81.46076105692534,82.9462140163652,1564400.0
2024-08-13,83.91325378417969,84.23227738150408,82.26828527048849,82.93624734505232,1766200.0
2024-08-14,83.21538543701172,83.97306927281457,82.49758049847449,83.93319037554895,1904600.0
2024-08-15,85.03980255126953,85.67784967649193,83.71385777917979,83.71385777917979,2319400.0
2024-08-16,84.54134368896484,84.89027458786146,83.90329644351873,84.67094442109126,1341700.0
2024-08-19,85.32891845703125,85.34886170982533,83.89331610687319,84.44163386075303,1439000.0
2024-08-20,83.6839599609375,85.4385859504273,83.58425890638615,84.90023980768734,1464200.0
2024-08-21,84.2223129272461,84.38182092202557,83.28517778725329,84.38182092202557,984300.0
2024-08-22,84.11264038085938,84.52138576114466,83.69391576875111,84.52138576114466,944800.0
2024-08-23,84.52139282226562,85.30898398377366,83.69392276074323,84.74072296928337,1511800.0
2024-08-26,84.23226928710938,85.15943271619324,83.9132457204419,84.3818132478239,1475100.0
2024-08-27,84.15252685546875,84.44163557173992,83.77368110592825,84.27215595016786,1208100.0
2024-08-28,83.67398071289062,84.16248388998261,83.07581247067895,84.16248388998261,1131300.0
2024-08-29,83.82353973388672,84.74073171045976,83.4247582987305,83.99301937183806,1264700.0
2024-08-30,84.56127166748047,84.62108621440201,83.33502021273162,84.19239754717856,1838600.0
2024-09-03,84.54134368896484,85.30600246014465,84.07277607925091,84.30207026733021,1963900.0
2024-09-04,87.28294372558594,87.45242333833632,83.95312798420395,83.95312798420395,2008000.0
2024-09-05,87.02374267578125,88.23005093400866,86.41560273317,87.13340775435854,2321000.0
2024-09-06,84.83043670654297,87.4823262588905,84.7506865202358,86.96391582034619,2696500.0
2024-09-09,84.86035919189453,86.19626810730851,84.461577800117,85.09962498451209,1659600.0
2024-09-10,85.28904724121094,85.4684984859091,84.58120628270204,84.95008039850447,1558900.0
2024-09-11,86.9240493774414,87.14337953498266,82.88639992919916,84.99993609463336,2630300.0
2024-09-12,87.19322967529297,87.20320130313102,85.77756276722728,86.75456932389999,1393200.0
2024-09-13,86.64491271972656,86.88417854739903,85.44856836911717,86.34582473054333,10515100.0
2024-09-16,86.37571716308594,86.98385705874863,85.59311564215353,86.88416361486276,4680200.0
2024-09-17,86.5252685546875,87.92099970719141,86.08660823661182,86.3757245729687,3144200.0
2024-09-18,88.25995635986328,89.41642167113355,86.72964251452234,87.1533415764012,3508400.0
2024-09-19,90.34356689453125,90.513046484937,88.49920422511433,89.39646030096992,3128100.0
2024-09-20,90.00462341308594,90.85202919066012,89.32171525918982,90.07440959227151,9492300.0
2024-09-23,90.602783203125,91.3345454164842,90.05446544871158,90.22394506701451,2908800.0
2024-09-24,91.92872619628906,92.05832691241945,89.52608149804296,90.72241803406527,3537800.0
2024-09-25,92.72628784179688,93.24469830620177,91.86891054572092,92.50695770473715,4044700.0
2024-09-26,92.20787048339844,92.43717224831055,89.10735648073869,90.74235328911026,5273200.0
2024-09-27,91.70939636230469,94.26159264371412,91.6097029183242,92.39729405617784,12623800.0
2024-09-30,93.56372833251953,94.03229591104694,92.10818267533985,92.2278193781945,3977300.0
2024-10-01,91.39037322998047,93.5338165137141,90.87196275504414,93.5338165137141,2615400.0
2024-10-02,90.7623062133789,92.19791628829748,90.6925200350772,91.3505029153329,1763400.0
2024-10-03,89.60582733154297,90.56289803504062,89.24692486696611,90.23391044761337,2592900.0
2024-10-04,91.1411361694336,91.190986694925,89.64571167815866,90.36351665095019,1988600.0
2024-10-07,89.78528594970703,91.02150903210838,89.44133709235031,90.72242108498364,2623400.0
2024-10-08,90.41337585449219,90.73937428714956,89.5859057310952,89.96474390037577,2075400.0
2024-10-09,90.49311828613281,90.74235570387222,89.72048837603852,90.52303316540433,2122900.0
2024-10-10,89.97470092773438,90.58284078903208,89.5210870366461,90.02455144992145,2269300.0
2024-10-11,90.7523193359375,91.33055191962589,90.11427221121987,90.40338850306406,1372100.0
2024-10-14,91.34053039550781,91.5199816381757,90.29373021225811,90.77226939474656,1342800.0
2024-10-15,90.43331146240234,91.6745166469416,90.33361800801771,91.60971247883623,2474300.0
2024-10-16,89.94480895996094,90.84206526913371,89.69058190212353,90.76230746251323,1823100.0
2024-10-17,90.54298400878906,90.64267747139282,89.98469453330908,90.4632261962566,1711100.0
2024-10-18,91.09146881103516,91.33082127185808,89.74015989924568,89.81495278785555,1609500.0
2024-10-21,89.5556640625,91.20116845088585,89.2764195299841,90.6426946031251,1675400.0
2024-10-22,89.0669937133789,89.31631348761512,87.45639010223101,89.01713432371308,2210200.0
2024-10-23,89.04704284667969,90.11413107261762,87.87025332202184,88.40878489520102,2116600.0
2024-10-24,88.65812683105469,89.73519024693712,88.35894001265284,89.31632717944717,1291700.0
2024-10-25,88.17940521240234,89.40606170041114,88.05973660483498,89.01712350854768,2035500.0
2024-10-28,85.69618225097656,86.72836202909332,84.66898612860447,86.42419924733909,4223700.0
2024-10-29,85.03799438476562,86.46410395095661,84.77870726992109,85.42694027430545,3762300.0
2024-10-30,86.96273040771484,89.91468310119767,85.56654581994839,89.48585280391644,4700400.0
2024-10-31,87.1123275756836,87.90516263149358,85.76600231685543,85.8856785475692,3259500.0
2024-11-01,86.71340942382812,88.19936067060503,86.48403950562448,86.97270410446444,3383300.0
2024-11-04,86.75330352783203,87.68077336042406,86.3145059141466,87.36164436472762,1431700.0
2024-11-05,87.93009948730469,87.95004933083639,86.5737992553157,86.5737992553157,1656200.0
2024-11-06,86.54386901855469,89.75510856458013,84.84350652467556,89.6753244197837,4163100.0
2024-11-07,88.08966064453125,88.63815955891702,86.69944883493483,86.87297898156463,2497300.0
2024-11-08,85.70616912841797,88.86754208031704,85.60643513053232,88.55838799105172,10190500.0
2024-11-11,85.15764617919922,86.91285920488193,84.24015140092834,86.76326584549042,4367000.0
2024-11-12,84.68892669677734,85.67623833653005,84.48947395002192,85.18756617230048,3918900.0
2024-11-13,83.9509506225586,85.17261593546935,83.02846445907183,84.8883953630848,3014800.0
2024-11-14,82.69438934326172,84.45957778607742,82.47498670213105,83.42240650622836,3061100.0
2024-11-15,81.53754425048828,82.59465769937539,81.29819177974571,82.58468277760211,3768400.0
2024-11-18,82.49492645263672,83.25784433771969,81.66219933652117,81.67715791398275,2918000.0
2024-11-19,82.29546356201172,83.00353838056239,81.48766996918235,81.77688180567769,2513600.0
2024-11-20,84.66899871826172,85.05793696595069,82.18577584256231,82.27552731112014,6103400.0
2024-11-21,81.77688598632812,85.02801797425137,81.61731767859992,84.36981011782603,4930600.0
2024-11-22,82.21569061279297,82.35530907669946,80.34080105410197,81.73699330180243,5934900.0
2024-11-25,82.43508911132812,83.27279985291311,81.67715491039272,83.13318139598228,5272900.0
2024-11-26,82.2854995727539,83.20299450643108,82.16582334324295,82.55476157835905,2040900.0
2024-11-27,82.774169921875,83.67670634038836,82.49293951299714,82.62457652679498,1808000.0
2024-11-29,82.99356842041016,83.2827802741924,82.6644644893508,83.02348557620905,1277700.0
2024-12-02,82.85394287109375,83.0234784785511,82.16581791200379,82.66445742238548,2247000.0
2024-12-03,82.3453369140625,82.83400155410611,81.8107921996014,82.25558544510253,2026700.0
2024-12-04,82.78413391113281,82.98358667247508,82.27551947848434,82.39519570047078,1932700.0
2024-12-05,81.34306335449219,83.10326016532352,81.13861933521753,82.53481144466744,2269200.0
2024-12-06,81.01895141601562,81.7469685019849,80.25104986191042,81.14860256768225,3177200.0
2024-12-09,81.67716217041016,81.8965647961278,80.83944374572785,81.13863052782209,2372600.0
2024-12-10,82.13590240478516,82.77416038217375,81.42284393415922,82.19573671246681,3124600.0
2024-12-11,82.52484893798828,83.10327266598279,81.55748695359928,81.82675658257149,3890100.0
2024-12-12,81.40789031982422,82.39520210856924,80.62003891656917,82.10599025608556,2370000.0
2024-12-13,80.87934112548828,81.2682794025238,80.40065137312291,81.17852792719395,2836000.0
2024-12-16,80.07154846191406,81.55749235027561,79.8720880552852,80.54027090669624,2908800.0
2024-12-17,79.03437042236328,80.61007326127292,78.99447834444503,80.12140101325119,3557100.0
2024-12-18,76.88024139404297,80.15132320041555,76.77054769409048,79.15404411044035,3264100.0
2024-12-19,77.21932220458984,77.96728154108969,76.74062488143018,77.09964597164097,3384400.0
2024-12-20,78.69529724121094,78.81496586339222,76.68178593456402,77.35893929397967,11179900.0
2024-12-23,79.06427001953125,79.13407923822554,77.31903194353987,78.565630569248,2495700.0
2024-12-24,79.14407348632812,79.57290382264665,78.52077402125096,79.32358403661578,1035700.0
2024-12-26,79.49311828613281,79.961840693122,78.76011751922604,78.88477741007908,1622000.0
2024-12-27,79.29367065429688,79.65269177196271,78.67535481639761,79.10418517312979,1533000.0
2024-12-30,78.38614654541016,78.94462809228057,77.38886730791477,78.90473600974434,1850600.0
2024-12-31,77.96728515625,79.05431579022098,77.75785744535567,78.78505376439574,1877800.0
2025-01-02,78.16673278808594,78.70526441284314,77.50853254136204,78.70526441284314,2658500.0
2025-01-03,80.3009033203125,80.4006373091929,78.17670174741073,78.33627004271129,2712600.0
2025-01-06,81.49765014648438,82.17580024612826,80.20118425907712,80.30091064842327,3746500.0
2025-01-07,83.1431655883789,83.21297482462899,81.22838383519536,81.6572141746276,3382000.0
2025-01-08,86.0252914428711,87.0624625493336,84.06065053217236,84.41967159243382,4432600.0
2025-01-10,84.52937316894531,85.8358062705255,84.17035210751888,85.1476813013523,3792000.0
2025-01-13,85.12773895263672,85.31223313916715,83.6687222823669,84.90833634777069,2903800.0
2025-01-14,83.93550872802734,85.79120945976554,83.62622780999004,85.69144215831065,2821300.0
2025-01-15,83.46659851074219,86.05060729649507,82.66844490560817,85.02298966782094,4148700.0
2025-01-16,84.80350494384766,85.1526943242061,83.18625002796762,83.56637359125307,2115900.0
2025-01-17,84.5440902709961,86.1403897616689,84.38446412780701,86.1403897616689,2855000.0
2025-01-21,87.1380844116211,87.41744350366815,84.44432929538715,84.94317339926432,2861800.0
2025-01-22,87.12809753417969,88.06591910689671,86.55242806959558,87.01835124187946,2381200.0
2025-01-23,87.95619201660156,88.46500749876282,86.65919436128361,87.1281090153102,1696900.0
2025-01-24,88.46500396728516,88.57475026966597,86.81881704332935,87.30768970366432,2008400.0
2025-01-27,88.78426361083984,89.48264986144785,87.96615965743227,88.6745173087694,2376800.0
2025-01-28,87.57707214355469,89.11351294049952,87.49725525784808,88.54483095041502,2406800.0
2025-01-29,87.64690399169922,88.40514913028396,87.33762309553926,87.58704513741192,1336100.0
2025-01-30,89.34297943115234,89.54251402215361,88.20561551658028,88.34529125263252,1618700.0
2025-01-31,88.09586334228516,89.59239551042076,88.01604646649642,88.92393869038546,1775500.0
2025-02-03,87.30769348144531,88.2854236209088,86.16035056893656,87.20792618726121,2142300.0
2025-02-04,86.7290267944336,87.82648218153778,86.55942164433922,87.48727188134906,2488900.0
2025-02-05,86.96847534179688,87.58704474308861,86.10049151151202,86.80884919383048,2346900.0
2025-02-06,88.34529113769531,90.53022306981654,87.16302547169288,87.30769451997381,3252700.0
2025-02-07,87.43738555908203,89.15341033023778,87.29571555215902,88.5947074230731,1671400.0
2025-02-10,87.29771423339844,88.07590978239796,86.66418011881278,87.79655831473214,2036400.0
2025-02-11,86.82879638671875,87.77660467345967,86.53448021637428,86.60930378112072,2392400.0
2025-02-12,85.701416015625,86.46963256353959,85.30233922205935,85.74132445615724,3656300.0
2025-02-13,93.26388549804688,94.58083346525522,89.4327592950506,89.79192761444887,7832700.0
2025-02-14,91.99681854248047,92.99450663982232,90.96920102009935,92.98452762755718,3946400.0
2025-02-18,92.45576477050781,93.044404773646,91.91202652184072,92.03673754832897,3262700.0
2025-02-19,92.30609893798828,92.9346473075765,91.3882277200174,92.06665592716024,3284000.0
2025-02-20,91.8770980834961,92.92467368574019,91.32837416802826,92.11654871997027,2341200.0
2025-02-21,90.8794174194336,91.52791629272915,90.22094714428097,91.32838169098765,2854700.0
2025-02-24,90.3606185913086,91.48800349988073,90.16208113919303,90.43045645977313,2769000.0
2025-02-25,90.60005950927734,91.17872046976397,89.80191354713813,90.8794109766139,2310900.0
2025-02-26,90.50030517578125,91.43813461764933,89.94658786238688,90.16109480593992,1845500.0
2025-02-27,89.19332885742188,91.9848570406388,89.07360353016239,89.90168658392042,3926200.0
2025-02-28,87.14805603027344,90.05133212213214,85.69143228396088,89.75202264050016,4214400.0
2025-03-03,86.2501449584961,88.77430258948135,86.09051879884798,87.28774163735898,3556300.0
2025-03-04,84.1150894165039,86.4197543265602,82.51878982435373,86.4197543265602,3998900.0
2025-03-05,84.56404876708984,85.29036256556923,83.59629005467455,83.80580365038976,3111100.0
2025-03-06,85.2125473022461,85.67148293114134,83.42668462638363,83.80580337762152,3946100.0
2025-03-07,86.37984466552734,86.73901302015896,84.50418601094957,85.30233960163247,4076700.0
2025-03-10,85.16265869140625,87.13807691011702,84.67379364298377,85.57670017539131,3552100.0
2025-03-11,85.39212799072266,89.02371998226995,84.74363676071181,87.13808231222798,4276600.0
2025-03-12,83.5962905883789,85.89096875497374,83.56136784965854,85.52182901282397,2819700.0
2025-03-13,81.2616958618164,83.92552897738857,80.97237299990557,83.44663532158431,3605700.0
2025-03-14,81.78050231933594,82.1396706774106,80.21512930245018,81.96008649837327,5207300.0
2025-03-17,82.27933502197266,82.70334787782132,81.43130169851955,81.6507866764999,2526800.0
2025-03-18,81.95010375976562,82.18954678367821,81.04221150439564,81.97006178528295,2899900.0
2025-03-19,82.20951080322266,82.43398913024255,81.59094136694473,81.69070866653612,3124200.0
2025-03-20,81.62086486816406,82.48885629626359,81.36147143041555,81.86031550390244,2731100.0
2025-03-21,81.30160522460938,81.6408231537745,79.96470675704857,80.96239490720076,4304400.0
2025-03-24,81.51111602783203,82.59860003232305,81.29163103619986,81.96008024706009,4453600.0
2025-03-25,82.26936340332031,82.69836960951498,81.29163328522971,81.77051933154776,3730100.0
2025-03-26,80.81275177001953,82.66845260479022,80.29894290782977,82.2095169032109,2859100.0
2025-03-27,81.4712142944336,82.60857812500451,80.98234164260022,81.20183424354481,3074600.0
2025-03-28,79.82502746582031,81.59891679591063,79.60054916439616,81.23176373669953,3189800.0
2025-03-31,80.5234146118164,80.82272411987651,79.01690328162601,79.51574738722152,4151200.0
2025-04-01,79.38603973388672,80.65310023853733,79.14659672744801,80.18419323769034,2996300.0
2025-04-02,79.1765365600586,79.69533107750074,78.51805869109599,78.59787557431999,2806100.0
2025-04-03,71.83354187011719,76.41292651069428,70.28712229904421,76.35806097349591,9331400.0
2025-04-04,60.3701057434082,63.649509112112604,57.90581870452634,63.213519134872335,16890600.0
2025-04-07,60.849002838134766,63.59763099158291,58.71893647526108,60.39006338991659,9299600.0
2025-04-08,58.61417770385742,64.28104659314317,57.915795250891144,63.043911635956206,7418900.0
2025-04-09,64.82978057861328,65.37850450457547,57.516724472139515,57.56660811941987,8488500.0
2025-04-10,62.13602066040039,64.05158020169529,59.55899182467388,63.54276088787586,7636300.0
2025-04-11,62.664794921875,63.44997425825053,60.71830510168513,62.19588026713155,7221500.0
2025-04-14,64.24114227294922,64.63523337259389,63.093803132121984,63.7722276033755,4896000.0
2025-04-15,62.95412826538086,64.65020289010798,62.51514679704074,64.35089336463925,5405800.0
2025-04-16,61.337867736816406,63.547747167656794,60.55967218841661,62.95412149344611,6206900.0
2025-04-17,62.22581100463867,62.694725669257515,61.55736174781286,61.84669223474272,4474000.0
2025-04-21,60.340179443359375,61.662117016168395,59.811405936587086,61.58728964301349,5755100.0
2025-04-22,61.50748062133789,62.19588412678205,60.60955969608156,61.44761795769462,4508800.0
2025-04-23,64.73998260498047,66.92492206090722,64.12640653197944,64.350884840467,6292800.0
2025-04-24,66.92491912841797,67.23420000159304,64.6202544567964,64.88963450458301,6555800.0
2025-04-25,68.29745483398438,70.6931578477504,67.80833457872049,68.87641785532607,5508600.0
2025-04-28,67.94808959960938,68.67678555564463,67.15950353772186,68.20762608452023,3896300.0
2025-04-29,67.96805572509766,68.41725440117897,66.98981504655224,67.75843272255221,5692100.0
2025-04-30,70.20404052734375,72.46997159769387,69.7149126359021,72.37015222122444,12759300.0
2025-05-01,67.5488052368164,70.79298468058651,67.50887596054386,70.19406076795973,8115300.0
2025-05-02,70.4036865234375,71.08246901528535,69.24576792895058,69.7748175328246,7209400.0
2025-05-05,69.24576568603516,70.46357434997357,69.06608774943264,69.80476032625153,5927300.0
2025-05-06,66.96984100341797,68.85646310014874,66.94988017349014,68.3573585789163,5677400.0
2025-05-07,68.69674682617188,69.18586713047307,66.8300931525908,67.35415442935029,5304500.0
2025-05-08,70.37374114990234,71.27213085794091,68.98623111804928,69.36554783222955,6022300.0
2025-05-09,69.74486541748047,71.68138569450288,69.66500686988174,70.62328659387568,5724400.0
2025-05-12,73.9772720336914,77.610752304003,73.37834813712817,76.81218203143166,8031200.0
2025-05-13,73.6977767944336,75.5544462569764,73.53805968913794,74.21684215518296,4751000.0
2025-05-14,72.70954132080078,73.81256563820855,72.58976111253489,73.37834715178386,3849400.0
2025-05-15,72.77942657470703,72.92915184185185,71.42684994089622,72.15054998977568,3448000.0
2025-05-16,72.9990234375,73.09885043283178,71.91596755657854,72.77942384866937,3309100.0
2025-05-19,72.96907043457031,73.15873256615875,71.75125433522712,72.11061015522117,2418500.0
2025-05-20,71.72132110595703,72.86926307480215,71.66143099799794,72.46997791836938,3268200.0
2025-05-21,69.45538330078125,71.36195851009624,69.28568960038157,71.29208418547695,3225900.0
2025-05-22,69.31563568115234,69.98942218947596,68.1008124596583,69.28569062954645,2835100.0
2025-05-23,69.03614044189453,69.23577920238758,68.3174287189507,68.3773188239525,2486600.0
2025-05-27,70.88282012939453,71.26213679117994,69.64503554008012,70.25394361276851,3183800.0
2025-05-28,71.02256774902344,71.3220258621964,70.37373041355393,70.88281910639675,2448600.0
2025-05-29,71.40189361572266,71.87105309751503,70.65323681262355,71.6714143296476,2807600.0
2025-05-30,70.41365814208984,71.21222070878135,69.46535509849848,71.21222070878135,7095500.0
2025-06-02,70.02436065673828,70.32381877782167,69.7348791420133,70.3038579493748,2396200.0
2025-06-03,71.03256225585938,71.17231091872067,69.18586935312044,69.87463605988752,2445300.0
2025-06-04,71.00259399414062,71.42184750638894,70.80295526695896,71.22220116347802,1672500.0
2025-06-05,71.42185974121094,71.85108993233654,70.72310884491804,71.18228408867765,1898800.0
2025-06-06,71.49172973632812,72.32023740000088,70.7530496093826,71.89100723488988,2152700.0
2025-06-09,71.54163360595703,72.85926911509269,71.34698316537097,71.72131152155416,2075600.0
2025-06-10,73.78760528564453,73.98725164922061,71.63147786913333,71.76124229366023,4533500.0
2025-06-11,73.26854705810547,74.02718808160776,72.7095448017576,73.87245927897266,3051600.0
2025-06-12,72.97905731201172,73.66282800917847,72.20045554559967,73.07887668436943,3574800.0
2025-06-13,72.12059783935547,72.65963159522579,71.78121044625009,72.06070773839099,2976900.0
2025-06-16,72.72950744628906,72.98904391547129,71.55162053628385,72.22041873020514,3046900.0
2025-06-17,71.0125961303711,72.57978414288014,70.76803215450475,72.24039669790434,2918100.0
2025-06-18,71.76124572753906,72.04074303418986,70.86285608778263,71.12239256498569,3496300.0
2025-06-20,71.15233612060547,72.47995591500577,71.08745009873672,72.46997169262667,6306600.0
2025-06-23,71.03256225585938,71.2571577771914,69.36554729333226,71.15234247217994,3142300.0
2025-06-24,71.85108184814453,72.16052417818715,71.28210306492407,71.45179675457779,8746500.0
2025-06-25,72.61969757080078,72.71951693778657,70.97265136048208,71.88102511623059,5681100.0
2025-06-26,74.72592163085938,75.15515177838581,72.78939385610335,72.86925239883612,5091900.0
2025-06-27,74.24678039550781,75.43465150601861,73.94732227415328,75.06531144571163,6817100.0
2025-06-30,73.93733215332031,74.44642081945689,73.44022302959898,73.8674578356725,2952400.0
2025-07-01,75.81398010253906,76.68741308812469,73.47817440235252,73.68779740500533,3298700.0
2025-07-02,75.98367309570312,76.02360237026026,75.2250321105783,75.64427806983264,2526100.0
2025-07-03,75.93375396728516,76.39292916704396,75.55443731071828,76.0435575602416,1800500.0
2025-07-07,74.47637176513672,76.35300188465942,74.24678035141089,75.47458073385242,3528300.0
2025-07-08,75.06531524658203,76.54266794688445,74.36657197897777,74.5262890777047,3522500.0
2025-07-09,75.37477111816406,75.97369505378433,74.74589451239142,75.71415855591417,2574300.0
2025-07-10,76.36298370361328,77.18151472757184,74.99543471784663,75.37475898808852,2738500.0
2025-07-11,74.99543762207031,75.72612884672776,74.80578309533475,75.53447138297531,1897900.0
2025-07-14,74.31665802001953,74.74089989711334,73.74767918686771,74.6760138741923,2236700.0
2025-07-15,74.25676727294922,74.79580104953872,73.52807896410567,74.65605239809666,4637500.0
2025-07-16,75.31486511230469,76.07350607573014,74.0671038770728,74.30667951756307,6398500.0
2025-07-17,76.10345458984375,76.44284962145024,74.67601536715557,75.15515905420868,3968000.0
2025-07-18,75.82395935058594,76.7173607248831,75.31487059713234,76.7023805824976,3383600.0
2025-07-21,74.02718353271484,75.76406507056744,73.96229751029797,75.58438714487716,3902800.0
2025-07-22,76.3530044555664,76.6424859801288,73.97726977169172,74.02718326810017,4674300.0
2025-07-23,77.11164855957031,77.66066657942584,76.56263053971479,77.461020201419,2337000.0
2025-07-24,76.63249969482422,77.7155631350363,76.17832039894668,76.86209111010031,2392500.0
2025-07-25,77.50634002685547,77.72604740069957,75.86853111900483,76.65747686180673,3132700.0
2025-07-28,77.63615417480469,78.66477710028357,76.87817297057802,77.26665329043071,3950900.0
2025-07-29,77.61619567871094,78.59488248980573,77.336570875541,78.10553908425833,4524000.0
2025-07-30,71.5443115234375,73.82626315977113,70.22607492123295,73.25202660225675,12910000.0
2025-07-31,71.22473907470703,72.91248421547871,71.01502048158457,72.24337332975954,6427700.0
2025-08-01,69.75669860839844,70.80529915269916,68.99771162032556,70.2959782352499,5128400.0
2025-08-04,70.54564666748047,70.88019829901121,69.81662598360873,70.31595814157176,3251600.0
2025-08-05,70.64551544189453,71.44444998604533,70.41582690341421,70.8951815345411,3726200.0
2025-08-06,69.8665542602539,70.93512476790396,69.48706456511229,70.84524863716148,5171000.0
2025-08-07,71.0050277709961,71.43445371003682,69.91648737854618,70.75536170455855,4233700.0
2025-08-08,71.9038314819336,71.98871703535083,70.91515593243417,71.10489697334157,3025100.0
2025-08-11,72.9024887084961,73.24203088909886,71.82392951269308,71.94377196307234,4130000.0
2025-08-12,74.31061553955078,74.51034535541527,72.95143334216581,73.13219133986053,2338000.0
2025-08-13,75.22938537597656,75.33923906118275,74.21574169637738,74.31061602625583,3067900.0
2025-08-14,73.56161499023438,75.01966393401034,73.15215897561039,74.81992650521674,3122600.0
2025-08-15,73.30196380615234,74.42046298648546,72.96241396983392,73.91114966081416,2926900.0
2025-08-18,73.07225799560547,73.6814437697279,72.61287337595962,73.26200663255602,2292500.0
2025-08-19,73.87120056152344,73.94609733742818,72.60289261537329,72.82259998363263,2949900.0
2025-08-20,73.7713394165039,74.29064153407245,73.52167332514885,73.95109930704771,2156900.0
2025-08-21,73.05229949951172,73.96508018795963,72.872539609841,73.40183050187022,2575900.0
2025-08-22,75.11953735351562,75.4540890130616,73.59657262035502,73.75136438321312,3666500.0
2025-08-25,74.49036407470703,75.00967376069426,73.89915958257856,74.86986137274471,2022000.0
2025-08-26,73.99103546142578,74.80894177944964,73.66148202798048,74.48038646173693,1845900.0
2025-08-27,74.16082000732422,74.3805273930044,73.62154032043777,73.67146896859848,2113000.0
2025-08-28,73.62153625488281,74.40049321985695,73.12220408562203,74.32559644214953,2511900.0
2025-08-29,73.63152313232422,74.0509603150749,73.10222464642945,73.58158686900455,1983000.0
2025-09-02,71.50436401367188,73.21207909195323,71.04497933932754,72.87253687930034,4045600.0
2025-09-03,72.28331756591797,72.56294996337537,71.53431935879414,71.818942334719,3882900.0
2025-09-04,74.02100372314453,74.04097365752149,71.46441782825143,72.38319481288083,2217100.0
2025-09-05,75.62885284423828,75.64882277833058,74.11087880028181,74.15082628767057,3010700.0
2025-09-08,78.05560302734375,78.32523902788712,74.88983149975687,76.03829693449379,6251200.0
2025-09-09,78.60486602783203,78.78462590634666,77.30660701118546,77.83589787036632,3997900.0
2025-09-10,75.88850402832031,79.58356680221547,75.54896179667183,78.60487235832629,4250400.0
2025-09-11,77.85586547851562,78.29528019491686,75.53896467975193,75.83856700806254,4358000.0
2025-09-12,76.33789825439453,77.531301736916,76.2779732179073,77.36652122018246,3254100.0
2025-09-15,77.65613555908203,78.13549014063479,76.39781644889959,76.47771141889295,3196700.0
2025-09-16,77.37651824951172,78.39515254800399,77.20673951709264,78.21539265777542,3384400.0
2025-09-17,76.52764129638672,78.57490612510134,76.0083392214524,77.39648196588487,2925300.0
2025-09-18,73.90116119384766,76.94709047992443,73.6514951087333,76.88716543843809,3841300.0
2025-09-19,74.80995178222656,75.43910759382842,74.2906420419037,74.3605482431928,6294100.0
2025-09-22,74.67012023925781,74.96972255238668,73.67645421848029,74.5103379263382,3155900.0
2025-09-23,74.50035858154297,75.3392405929732,74.37053495966161,74.53031729280757,3143100.0
2025-09-24,73.88118743896484,74.93976914696324,73.57159632837364,74.61020810304545,2320500.0
2025-09-25,71.40449523925781,72.8026267398113,69.69178967500248,72.8026267398113,5017100.0
2025-09-26,72.36321258544922,72.89250343310128,71.62420315396541,72.13352406853036,2679100.0
2025-09-29,72.99237060546875,73.54662960110831,72.34324490071229,72.9024944749778,2914600.0
2025-09-30,74.99968719482422,75.16945829673688,72.6128801340861,72.70276388281889,4089700.0
2025-10-01,75.40914916992188,76.39782476884734,74.11088243335769,74.85988071540521,3579400.0
2025-10-02,76.71739196777344,76.74735067799233,74.510344757601,74.99968813598572,2517100.0
2025-10-03,76.45773315429688,77.84587586337989,76.32790954367024,77.05693780445948,2696300.0
2025-10-06,76.30794525146484,76.5975512027925,75.77864675546955,76.55761133441946,1677100.0
2025-10-07,74.3905029296875,75.38916724789216,74.10088936310366,75.02964748380215,2808300.0
2025-10-08,75.02964782714844,75.07958409096882,73.71141122585402,74.33058584888781,2477900.0
2025-10-09,74.1208724975586,75.18545063049059,73.69144650362645,74.77998703521916,1825200.0
2025-10-10,70.9151611328125,74.44044524352437,69.93646666897746,73.91215244674638,7015400.0
2025-10-13,71.7440414428711,72.73272461033906,71.60422904692284,71.92380132611945,2693700.0
2025-10-14,72.24337005615234,73.00235703915838,70.88519365069423,71.07493468204292,2783600.0
2025-10-15,73.12220001220703,73.84123951495974,72.16348321493803,72.79263897024474,3432900.0
2025-10-16,73.281982421875,74.13584373720141,72.65781724433354,73.7913033401259,1766900.0
2025-10-17,73.95109558105469,74.10088913295688,72.55296401606975,72.90249500251497,2049500.0
2025-10-20,75.37918090820312,75.81160118727684,73.96107188325269,74.25068542992554,2050900.0
2025-10-21,75.99835968017578,76.44776323385116,75.0795902563842,75.14949645995084,1644400.0
2025-10-22,76.03829956054688,77.03696386538117,75.5988848282745,75.91845710105333,2547300.0
2025-10-23,77.15680694580078,77.29661934006641,75.77864531774803,76.21806005355663,2235200.0
2025-10-24,78.07099914550781,78.26083380837622,77.07188217909726,77.51149608356832,2600300.0
2025-10-27,78.28080749511719,79.08010406320639,78.21086961710866,78.55057332647652,4093600.0
2025-10-28,79.32987976074219,79.67956913523697,77.61139755161734,78.05101140678602,5877000.0
2025-10-29,77.31166076660156,78.31577810088262,73.66489028403086,76.672226578703,8765300.0
2025-10-30,74.93376922607422,77.31166475869172,73.8846934078463,77.31166475869172,3474800.0
2025-10-31,74.8838119506836,75.12360550570722,73.45507441496159,74.57408813709976,3275700.0
2025-11-03,74.40424346923828,75.80300877985091,73.57297740173496,74.76392619547175,4442900.0
2025-11-04,74.23438262939453,75.42332645945514,73.83473437764746,74.34428608919139,2489700.0
2025-11-05,75.54322814941406,76.7421653602048,73.24525626896548,74.14446298838696,3732000.0
2025-11-06,74.10449981689453,76.29256830178952,73.95463075499018,75.39336155302054,2554200.0
2025-11-07,72.9854965209961,74.07453034171543,72.63080664844317,73.53500627196787,4401300.0
2025-11-10,73.41511535644531,73.93465280597759,72.14623258689792,73.40512205280318,4400700.0
2025-11-11,73.34517669677734,74.32430700889772,72.75569375067221,73.43509356062921,3672900.0
2025-11-12,74.91378784179688,75.43332527115231,73.22527785674205,73.63491181827398,3034600.0
2025-11-13,73.90467834472656,75.52324284492911,73.85471945064205,74.27434671938664,2708200.0
2025-11-14,73.08540344238281,73.95963073805089,72.43597592678368,73.64490647236012,4407300.0
2025-11-17,70.56761932373047,72.935528967234,70.22792325864862,72.50590842320568,4806100.0
2025-11-18,70.957275390625,71.44684813583515,69.97315230542031,70.41775899912493,3371500.0
2025-11-19,72.24613952636719,72.27611181329677,70.82739537888358,71.17708476415675,4218900.0
2025-11-20,74.68399047851562,75.28345911167126,72.9755014438263,73.0654183086039,8322400.0
2025-11-21,76.38248443603516,77.02691910927365,73.2852235510989,74.82386450148879,8388600.0
2025-11-24,78.1708984375,78.95020834320776,76.43743013223568,76.43743013223568,7118800.0
2025-11-25,79.88938903808594,81.86764391915061,78.0809898288298,78.1709066939132,5949700.0
2025-11-26,80.55879211425781,81.19822631418586,79.63461356439875,79.999289094985,3091600.0
2025-11-28,79.91935729980469,80.61874369117484,79.55967461227876,80.57877810115453,1353300.0
2025-12-01,79.1700210571289,80.21909685166176,78.93023513536544,79.27992452599071,2540800.0
2025-12-02,80.14915466308594,80.65870638925433,79.27992026228769,79.64959623972854,2367800.0
2025-12-03,83.51618194580078,84.03572702695968,80.02926593490832,80.13916940889743,5253900.0
2025-12-04,82.44712829589844,83.62608661518725,81.47799124642985,82.85676990892388,3321100.0
2025-12-05,85.38452911376953,85.48443927895084,82.46710960359586,82.83678559968942,4439300.0
2025-12-08,83.01661682128906,85.81414709798999,82.40116351438384,85.3245819674972,4234100.0
2025-12-09,82.95667266845703,83.56613457023309,82.61697659082805,83.06657613419742,2749300.0
2025-12-10,84.39540100097656,84.79504926295952,82.43713290218228,82.60198809609987,2562000.0
2025-12-11,85.97401428222656,86.11389004164866,84.0607044597621,84.39540771428334,3478800.0
2025-12-12,83.88585662841797,85.92405608277475,83.4862083314085,85.92405608277475,2386900.0
2025-12-15,84.37541961669922,84.98488153883996,83.53616507499153,84.73510231247595,3566100.0
2025-12-16,82.1773681640625,84.42538127493351,81.66781639125436,84.37542237896236,3207400.0
2025-12-17,82.3072509765625,83.48620927358397,82.0374927560647,82.12740962201151,3100800.0
2025-12-18,82.44712829589844,83.40628728672448,82.16737676634813,82.73687312940626,2095100.0
2025-12-19,82.8167953491211,83.56613298899563,82.22732006462833,82.92170597267246,6437600.0
2025-12-22,83.86587524414062,84.10566116642251,82.97666181063234,83.32635120201363,2237700.0
2025-12-23,83.24642181396484,83.93581493086782,83.09155991034918,83.73598697244664,2117000.0
2025-12-24,83.31635284423828,83.76095953402026,83.02660804534064,83.35631843263691,807000.0
2025-12-26,83.53616333007812,83.91083216179801,83.19645962553717,83.47621875625315,1462500.0
2025-12-29,83.07657623291016,83.99576200096736,82.84677597956714,83.49620352406791,1383400.0
2025-12-30,83.25641632080078,83.51618123651673,82.82679573230772,82.92670590163364,1510500.0
2025-12-31,81.94757080078125,83.09655684467344,81.86764723613244,82.99664667186926,1578100.0
2026-01-02,82.74686431884766,83.49620202070489,82.12740907448905,82.50707838859738,3433500.0
2026-01-05,84.96490478515625,85.40451867434768,82.15738864637353,82.71689168886645,2857900.0
2026-01-06,86.6534194946289,87.15797082808119,84.40540627755887,84.72512340796919,2512500.0
2026-01-07,85.68426513671875,87.16295383962043,85.30459584659407,86.25376144924897,2450100.0
2026-01-08,88.08214569091797,89.69071681636316,84.51529119696075,84.95490505288623,4219600.0
2026-01-09,87.23755645751953,88.47195651454808,85.36346822830832,87.55740054361087,2991300.0
2026-01-12,86.85774230957031,87.07763654432395,85.29849574753743,86.52790095743985,1965900.0
2026-01-13,84.72877502441406,87.55740069337267,84.4289254826381,87.07763837625733,2709000.0
2026-01-14,85.2585220336914,85.3684691512277,83.51936269758146,84.11907702075558,3776200.0
2026-01-15,82.46987915039062,84.23901507901748,82.38991622264768,84.16904942366352,5188400.0
2026-01-16,81.71025085449219,82.6597858875426,81.11054411647693,82.64979624031652,6127100.0
2026-01-20,78.79167175292969,79.96110102525975,78.271920325882,79.6012754605913,5702600.0
2026-01-21,81.06056213378906,81.28045637492157,79.13150032615098,79.4113629509798,4418900.0
2026-01-22,81.85018157958984,83.16953944394004,81.17550673815691,81.43038762858862,5526300.0
2026-01-23,79.73120880126953,81.77021777451147,79.5413063734752,81.2204897852224,2340500.0
2026-01-26,80.23096466064453,80.99059723924124,79.48132935465276,79.73120778998336,2915000.0
2026-01-27,80.28094482421875,80.91063574719216,79.77119067189659,80.52082599120602,1969000.0
2026-01-28,79.2214584350586,80.1909879495268,79.0915167729024,79.96109644195505,1985700.0
2026-01-29,78.74169158935547,79.71122114184863,77.63223072265552,79.55129528236391,3697100.0
2026-01-30,78.93160247802734,79.0725327584239,77.96207291525373,78.6217556540961,2724200.0
2026-02-02,80.071044921875,80.19098931382494,78.26192752431606,78.41184848214783,3353200.0
2026-02-03,78.74169158935547,80.80068746327063,78.19196360516733,79.58128710028082,4574200.0
2026-02-04,82.5898208618164,85.49840962073593,79.02655942306362,79.67124245559421,7006500.0
2026-02-05,82.26997375488281,83.93916750139114,81.75022996376865,82.27997102750558,3997700.0
2026-02-06,80.61078643798828,83.45939913481817,80.42087638297134,82.43989845278399,3468900.0
2026-02-09,79.04154968261719,80.46085738647514,78.55178245151082,79.96309843771238,3171000.0
2026-02-10,79.18148040771484,80.54881143386605,79.09152020495807,79.37139046022435,3867500.0
2026-02-11,79.16148376464844,79.45634610827982,78.26192751502649,78.89161841489876,3500200.0
2026-02-12,78.61175537109375,79.79118186223975,76.62272520935656,79.57128762437931,3849900.0
2026-02-13,80.30093383789062,82.05008296188718,78.43983965800213,78.61176072646832,5691900.0
2026-02-17,81.57032012939453,82.6098153748298,80.02107072138281,80.12102819984935,3898800.0
2026-02-18,82.90966033935547,83.13955185113183,80.85066450853611,81.580312882215,2263300.0
2026-02-19,82.96963500976562,83.0396006642759,81.65027722065449,82.49986234704619,2206800.0
2026-02-20,84.18904876708984,87.07764297170996,82.24998960006465,82.75974376137555,5238900.0
2026-02-23,83.81922149658203,84.6688066367629,82.54983479684155,83.87918987979718,2926500.0
2026-02-24,84.0091323852539,85.12858288679288,83.47938370070752,83.81922233559229,2212500.0
2026-02-25,83.9891357421875,84.91868379652983,83.09956915128492,84.05910139678598,2176700.0
2026-02-26,83.87918853759766,84.7187840175975,82.83469854299653,84.14906150911648,2286000.0
2026-02-27,84.22901916503906,84.63882345706745,82.45988320788032,83.17953431780408,3094000.0
2026-03-02,80.12102508544922,82.88967479087133,79.52631318984133,82.88967479087133,3500800.0
2026-03-03,78.09200286865234,79.15149257927749,77.25241501847688,78.25192872145779,4244300.0
2026-03-04,78.98157501220703,79.18148234228137,77.74218006848574,78.46183120538356,2462100.0
2026-03-05,77.07250213623047,78.32688908642373,75.52325284856116,78.04203164683913,3940400.0
2026-03-06,74.23387908935547,76.24290376007637,74.15392378893411,75.68317852870511,2773200.0
2026-03-09,75.59322357177734,75.9430594913251,72.26484851795647,73.31433339954508,2906100.0
2026-03-10,72.69464111328125,75.46329094909224,71.6851300528102,75.10346537557156,4395500.0
2026-03-11,72.61467742919922,73.16440543117619,71.88502901663747,72.53471449686931,2491100.0
2026-03-12,70.29580688476562,72.11492168281478,69.15636177091534,71.65514625316335,4776100.0
2026-03-13,70.73558807373047,71.08542400330442,70.12589167305852,70.95548232922778,4497400.0
2026-03-16,72.13490295410156,72.53071410642588,71.30530474080108,71.83505341512566,3367300.0
2026-03-17,72.30481719970703,73.85406648073906,71.99497039377437,72.68463728510511,3332100.0
2026-03-18,70.2158432006836,72.05494489963249,70.14088271729138,71.46523542845377,4304700.0
2026-03-19,70.34577178955078,70.99545722272428,69.34126326160205,69.40623409262473,4278500.0
2026-03-20,69.61613464355469,70.52568819632867,68.96644917689625,69.83602889002537,5121600.0
2026-03-23,71.61515808105469,72.44475628165036,70.79555715264378,71.88502342456862,3377400.0
2026-03-24,70.92549133300781,71.81505791715826,70.63563144453299,70.84552840673524,6136900.0
2026-03-25,72.16488647460938,73.04945823901876,71.795071284075,72.0949208202636,3563200.0
2026-03-26,71.50521087646484,73.46925163288387,71.32529810578121,71.72510511015422,4860900.0
2026-03-27,69.19634246826172,71.21535695216558,69.11637953555454,71.04544143942657,3526000.0
2026-03-30,68.73655700683594,70.42573767901683,68.40672326593774,69.96096744711932,3776900.0
2026-03-31,71.1453857421875,71.3502878816327,68.68658294589825,69.86600942142084,3496500.0
2026-04-01,71.94499969482422,72.10491792194297,70.9854598293742,70.9854598293742,3351200.0
2026-04-02,70.3499984741211,72.29000091552734,69.80000305175781,70.38999938964844,2750700.0
2026-04-06,70.4000015258789,70.87000274658203,69.84500122070312,70.3499984741211,2327000.0
2026-04-07,69.7300033569336,70.80999755859375,68.94999694824219,70.4000015258789,3213300.0
2026-04-08,73.75,74.12999725341797,72.0,72.81999969482422,4579700.0
2026-04-09,72.91000366210938,73.20999908447266,71.2750015258789,72.73500061035156,3580400.0
2026-04-10,73.18000030517578,73.69000244140625,72.58999633789062,73.41999816894531,2691600.0
2026-04-13,73.83000183105469,73.95999908447266,72.05000305175781,72.62000274658203,2326400.0
2026-04-14,74.66999816894531,75.08999633789062,73.88999938964844,74.08000183105469,2179300.0
2026-04-15,73.51000213623047,75.08000183105469,73.44000244140625,74.62999725341797,3159100.0
2026-04-16,73.19999694824219,74.30000305175781,72.8499984741211,73.5,2685900.0
2026-04-17,74.66000366210938,75.94999694824219,74.36499786376953,75.04000091552734,3461400.0
2026-04-20,74.1500015258789,75.18000030517578,73.86499786376953,74.02999877929688,2245900.0
2026-04-21,72.26000213623047,74.63999938964844,72.08000183105469,74.42500305175781,2720700.0
2026-04-22,71.37999725341797,72.86000061035156,70.91300201416016,72.86000061035156,3558100.0
2026-04-23,69.88999938964844,71.43900299072266,69.2750015258789,70.98999786376953,3291600.0
2026-04-24,68.83000183105469,69.58999633789062,68.5199966430664,69.47000122070312,3587700.0
2026-04-27,70.4800033569336,70.81999969482422,69.0,69.19000244140625,5314100.0
2026-04-28,68.5,70.87999725341797,68.38999938964844,70.69999694824219,5086800.0
2026-04-29,59.48500061035156,62.900001525878906,58.75,62.150001525878906,23475900.0
2026-04-30,60.84000015258789,61.029998779296875,59.18000030517578,59.209999084472656,10031000.0
2026-05-01,61.029998779296875,61.529998779296875,59.810001373291016,61.529998779296875,11978600.0
2026-05-04,61.0,62.52000045776367,60.709999084472656,60.7400016784668,7799000.0
2026-05-05,61.040000915527344,61.47999954223633,60.13999938964844,61.0,7372600.0
2026-05-06,61.73500061035156,62.689998626708984,61.130001068115234,61.81999969482422,5358900.0
2026-05-07,61.34000015258789,62.349998474121094,61.20000076293945,61.83000183105469,3828400.0
2026-05-08,63.470001220703125,63.4900016784668,62.0,62.51499938964844,8356300.0
